{
  "cities": [
    {
      "cityName": "Lisbon",
      "country": "Portugal",
      "emoji": "pt",
      "date": "2027-10-31T15:59:59.138Z",
      "notes": "My favorite city so far!",
      "position": {
        "lat": 38.727881642324164,
        "lng": -9.140900099907554
      },
      "id": "73930385"
    },
    {
      "cityName": "Madrid",
      "country": "Spain",
      "emoji": "es",
      "date": "2027-07-15T08:22:53.976Z",
      "notes": "",
      "position": {
        "lat": 40.46635901755316,
        "lng": -3.7133789062500004
      },
      "id": "17806751"
    },
    {
      "cityName": "Berlin",
      "country": "Germany",
      "emoji": "de",
      "date": "2027-02-12T09:24:11.863Z",
      "notes": "Amazing 😃",
      "position": {
        "lat": 52.53586782505711,
        "lng": 13.376933665713324
      },
      "id": "98443197"
    },
    {
      "id": "0565",
      "cityName": "Hubli",
      "country": "India",
      "emoji": "in",
      "date": "2024-01-22T11:16:17.488Z",
      "notes": "",
      "position": {
        "lat": "15.331997628860897",
        "lng": "75.18493652343751"
      }
    },
    {
      "id": "7820",
      "cityName": "Hyderabad",
      "country": "India",
      "emoji": "in",
      "date": "2024-01-22T11:20:12.263Z",
      "notes": "",
      "position": {
        "lat": "17.541124918387194",
        "lng": "78.59619140625001"
      }
    },
    {
      "id": "af5c",
      "cityName": "Beed",
      "country": "India",
      "emoji": "in",
      "date": "2024-01-22T11:20:12.263Z",
      "notes": "",
      "position": {
        "lat": "18.77024985921529",
        "lng": "75.82763671875001"
      }
    },
    {
      "id": "bb57",
      "cityName": "In Salah",
      "country": "Algeria",
      "emoji": "dz",
      "date": "2024-01-22T11:23:26.179Z",
      "notes": "",
      "position": {
        "lat": "26.41689309413993",
        "lng": "2.8125"
      }
    },
    {
      "id": "2e61",
      "cityName": "Yamparaez",
      "country": "Bolivia (Plurinational State of)",
      "emoji": "bo",
      "date": "2024-01-22T11:26:00.027Z",
      "notes": "dfbdfb",
      "position": {
        "lat": "-19.189286653685947",
        "lng": "-65.17089843750001"
      }
    },
    {
      "id": "344b",
      "cityName": "Chukumuchu",
      "country": "Botswana",
      "emoji": "bw",
      "date": "2024-01-22T11:32:53.908Z",
      "notes": "",
      "position": {
        "lat": "-18.678872979122424",
        "lng": "21.796875000000004"
      }
    },
    {
      "id": "eafb",
      "cityName": "Zhezqazghan",
      "country": "Kazakhstan",
      "emoji": "kz",
      "date": "2024-01-22T11:32:53.908Z",
      "notes": "",
      "position": {
        "lat": "47.97271720305923",
        "lng": "66.09375000000001"
      }
    },
    {
      "id": "1ca0",
      "cityName": "Barguzin",
      "country": "Russian Federation (the)",
      "emoji": "ru",
      "date": "2024-01-22T11:32:53.908Z",
      "notes": "",
      "position": {
        "lat": "54.226310802991385",
        "lng": "108.984375"
      }
    },
    {
      "id": "14a4",
      "cityName": "Qilian",
      "country": "China",
      "emoji": "cn",
      "date": "2024-01-22T11:34:38.568Z",
      "notes": "wegfqrg",
      "position": {
        "lat": "38.66002675477648",
        "lng": "99.140625"
      }
    }
  ]
}